{"client_meta":{"background_color":{"r":0.9607843160629272,"g":0.9607843160629272,"b":0.9607843160629272,"a":1},"thumbnail_size":{"width":400,"height":379},"render_coordinates":{"x":-1652.5240478515625,"y":-2249.39990234375,"width":9245.5244140625,"height":8755.400390625}},"file_name":"DTDLVH_Elearning_HOME","developer_related_links":[],"exported_at":"2026-07-23T19:19:14.921Z"}